SERIES,SYMBOL,SECURITY,RECORD_DT,BC_STRT_DT,BC_END_DT,EX_DT,ND_STRT_DT,ND_END_DT,PURPOSE
BE,LXCHEM,Laxmi Organic Indus Ltd,15/07/2021, , ,14/07/2021, , ,DIV - RS 0.50 PER SH     
BE,HUHTAMAKI,Huhtamaki India Limited, ,11/06/2021,22/06/2021,09/06/2021, , ,AGM/DIV - RS 3 PER SH    
BE,ICRA,ICRA Limited, ,24/07/2021,28/07/2021,22/07/2021, , ,DIV - RS 27 PER SH       
BE,GRINDWELL,Grindwell Norton Limited, ,22/07/2021,28/07/2021,19/07/2021, , ,AGM/DIV - RS 9.50 PER SH 
BE,NILKAMAL,Nilkamal Limited, ,29/07/2021,04/08/2021,27/07/2021, , ,AGM/DIV - RS 10 PER SH   
BE,JSWHL,JSW Holdings Limited, ,23/06/2021,24/06/2021,21/06/2021, , ,ANNUAL GENERAL MEETING   
BE,PTL,PTL Enterprises Limited, ,05/07/2021,15/07/2021,01/07/2021, , ,AGM/DIV - RS 2.50 PER SH 
BE,NAVINFLUOR,Navin Fluorine Internatio, ,13/07/2021,16/07/2021,09/07/2021, , ,DIV - RS 6 PER SH        
BE,APCOTEXIND,Apcotex Industries Ltd., ,03/07/2021,08/07/2021,01/07/2021, , ,AGM/DIV - RS 2 PER SH    
BE,TORNTPOWER,Torrent Power Limited,25/06/2021, , ,24/06/2021, , ,DIV - RS 5.50 PER SH     
BE,INDIANB,Indian Bank,09/07/2021, , ,08/07/2021, , ,AGM/DIV - RS 2 PER SH    
BE,COLPAL,Colgate Palmolive (India), ,23/07/2021,29/07/2021,20/07/2021, , ,ANNUAL GENERAL MEETING   
BE,SUBEXLTD,Subex Ltd,02/07/2021, , ,01/07/2021, , ,AGM/DIV - RS 0.25 PER SH 
BE,JYOTHYLAB,Jyothy Labs Limited, ,23/07/2021,30/07/2021,20/07/2021, , ,AGM/DIV - RS 4 PER SH    
BE,RANEENGINE,Rane Engine Valve Limited,15/07/2021, , ,14/07/2021, , ,ANNUAL GENERAL MEETING   
BE,ZYDUSWELL,Zydus Wellness Limited, ,16/07/2021,23/07/2021,14/07/2021, , ,AGM/DIV - RS 5 PER SH    
BE,ASTEC,Astec LifeSciences Ltd, ,24/07/2021,27/07/2021,22/07/2021, , ,AGM/DIV - RS 1.50 PER SH 
BE,BOSCHLTD,Bosch Limited, ,14/07/2021,05/08/2021,12/07/2021, , ,AGM/DIV - RS 115 PER SH  
BE,ABBOTINDIA,Abbott India Limited, ,21/07/2021,27/07/2021,19/07/2021, , ,AGM/DIVRS120SPLDIVRS155  
BE,BAJAJHLDNG,Bajaj Holdings & Invs Ltd, ,10/07/2021,22/07/2021,08/07/2021, , ,AGM/DIV - RS 40 PER SH   
BE,VGUARD,V-Guard Industries Limite, ,30/07/2021,05/08/2021,28/07/2021, , ,AGM/DIV - RS 1.20 PER SH 
BE,COROMANDEL,Coromandel Internl Ltd., ,17/07/2021,26/07/2021,15/07/2021, , ,AGM/DIV - RS 6 PER SH    
BE,EIHAHOTELS,EIHAssociatedHot-RollSett, ,20/07/2021,22/07/2021,16/07/2021, , ,ANNUAL GENERAL MEETING   
BE,BAJAJFINSV,Bajaj Finserv Limited, ,10/07/2021,21/07/2021,08/07/2021, , ,AGM/DIV - RS 3  PER SH   
BE,BAJAJ-AUTO,Bajaj Auto Limited, ,10/07/2021,22/07/2021,08/07/2021, , ,AGM/DIV - RS 140 PER SH  
BE,RBL,Rane Brake Lining Limited,19/07/2021, , ,16/07/2021, , ,AGM/DIV - RS 25 PER SH   
BE,CHOLAFIN,Cholamandalam In & Fin Co, ,26/07/2021,30/07/2021,22/07/2021, , ,AGM/DIV - RS 0.70 PER SH 
BE,BAJFINANCE,Bajaj Finance Limited, ,10/07/2021,20/07/2021,08/07/2021, , ,AGM/DIV - RS 10 PER SH   
BE,SMLISUZU,SML Isuzu Limited, ,23/07/2021,30/07/2021,20/07/2021, , ,ANNUAL GENERAL MEETING   
BE,BILENERGY,Bil Energy Systems Ltd, ,17/06/2021,21/06/2021,15/06/2021, , ,ANNUAL GENERAL MEETING   
BE,LALPATHLAB,Dr. Lal Path Labs Ltd.,22/07/2021, , ,20/07/2021, , ,AGM/DIV - RS 8 PER SH    
BE,MPSLTD,MPS Limited, ,24/06/2021,30/06/2021,22/06/2021, , ,ANNUAL GENERAL MEETING   
BE,HEROMOTOCO,Hero MotoCorp Limited, ,24/07/2021,04/08/2021,22/07/2021, , ,AGM/DIV-RS25/SPLDIV-RS10 
BE,MINDACORP,Minda Corporation Ltd, ,05/07/2021,09/07/2021,01/07/2021, , ,DIV - RS 0.35 PER SH     
BE,HIL,HIL Limited, ,24/07/2021,30/07/2021,22/07/2021, , ,AGM/DIV - RS 25 PER SH   
BE,ORIENTCEM,Orient Cement Ltd., ,30/07/2021,05/08/2021,28/07/2021, , ,AGM/DIV - RS 1.50 PER SH 
BE,LINDEINDIA,BOC India Limited, ,18/06/2021,24/06/2021,16/06/2021, , ,AGM/DIV - RS 3 PER SH    
BE,VAIBHAVGBL,Vaibhav Gems Ltd, ,02/07/2021,02/07/2021,30/06/2021, , ,AGM/DIV - RS 1.50 PER SH 
BE,DCMSHRIRAM,DCM Shriram Limited,09/07/2021, , ,08/07/2021, , ,DIV - RS 3.80 PER SH     
BE,CYIENT,Cyient Limited, ,07/06/2021,17/06/2021,03/06/2021, , ,AGM/DIV - RS 17 PER SH   
BE,PDSMFL,PDS Multinational Fas Ltd, ,24/07/2021,30/07/2021,22/07/2021, , ,AGM/DIV-RS 15.75 PER SH  
BE,VISHNU,Vishnu Chemicals Limited,02/07/2021, , ,01/07/2021, , ,AGM/DIV - RS 1 PER SH    
BE,SYNGENE,Syngene International Ltd,14/07/2021, , ,13/07/2021, , ,ANNUAL GENERAL MEETING   
BE,PILITA,PIL Italica Lifestyle Ltd, ,17/06/2021,24/06/2021,15/06/2021, , ,ANNUAL GENERAL MEETING   
BE,PRECAM,Precision Camshafts Ltd., ,20/07/2021,27/07/2021,16/07/2021, , ,AGM/DIV - RE 1 PER SH    
BE,CROMPTON,Crompt Grea Con Elec Ltd,09/07/2021, , ,08/07/2021, , ,AGM/DIV - RS 2.50 PER SH 
BE,5PAISA,5paisa Capital Limited, ,05/06/2021,11/06/2021,03/06/2021, , ,ANNUAL GENERAL MEETING   
BE,TEJASNET,Tejas Networks Limited, ,18/06/2021,25/06/2021,16/06/2021, , ,ANNUAL GENERAL MEETING   
BE,HDFCLIFE,HDFC Life Ins Co Ltd,01/07/2021, , ,30/06/2021, , ,DIV - RS 2.02 PER SH     
BE,LAURUSLABS,Laurus Labs Limited, ,09/07/2021,15/07/2021,07/07/2021, , ,ANNUAL GENERAL MEETING   
BE,ICICIPRULI,ICICI Pru Life Ins Co Ltd, ,18/06/2021,25/06/2021,16/06/2021, , ,DIV - RS 2 PER SH        
BE,VBL,Varun Beverages Limited,12/06/2021, , ,10/06/2021, , ,BONUS 1:2                
BE,MAHLOG,Mahindra Logistic Limited, ,21/07/2021,27/07/2021,19/07/2021, , ,DIV - RS 2.50  PER SH    
BE,HDFCAMC,HDFC AMC Limited, ,01/07/2021,16/07/2021,29/06/2021, , ,AGM/DIV - RS 34 PER SH   
BE,BAJAJCON,Bajaj Corp Limited, ,15/06/2021,21/06/2021,11/06/2021, , ,AGM/DIV - RS 4 PER SH    
BE,SUNDARMHLD,Sundaram Finance Hold Ltd, ,01/07/2021,14/07/2021,29/06/2021, , ,AGM/DIV - RS 0.50 PER SH 
BE,ORIENTELEC,Orient Electric Limited, ,23/07/2021,29/07/2021,20/07/2021, , ,AGM/DIV - RS 1.25 PER SH 
BE,MAHEPC,Mahindra EPC Irrig Ltd, ,16/07/2021,22/07/2021,14/07/2021, , ,AGM/DIV - RS 1.20 PER SH 
BE,NAM-INDIA,Nippon L I A M Ltd,11/06/2021, , ,10/06/2021, , ,DIV - RS 5  PER SH       
BE,TATACONSUM,TATA CONSUMER PRODUCT LTD, ,12/06/2021,18/06/2021,10/06/2021, , ,AGM/DIV-RS 4.05 PER SH   
BE,HAPPSTMNDS,Happiest Minds Techno Ltd, ,01/07/2021,07/07/2021,29/06/2021, , ,AGM/DIV - RS 3 PER SH    
BE,CAMS,Computer Age Mngt Ser Ltd,29/07/2021, , ,28/07/2021, , ,DIV - RS 11.84 PER SH    
BE,ANGELBRKG,Angel Broking Limited,22/06/2021, , ,21/06/2021, , ,ANNUAL GENERAL MEETING   
BE,CHOLAHLDNG,Cholamandalam Fin Hol Ltd, ,29/07/2021,04/08/2021,27/07/2021, , ,AGM/DIV - RS 0.55 PER SH 
BE,RELIANCE,RELIANCE IND - DEPO SETT.,14/06/2021, , ,11/06/2021, , ,DIV - RS 7 PER SH        
BE,ASIANPAINT,Asian Paints Limited,11/06/2021, , ,10/06/2021, , ,DIV - RS 14.50 PER SH    
BE,NOCIL,NOCIL Limited, ,28/07/2021,03/08/2021,26/07/2021, , ,AGM/DIV - RS 2 PER SH    
BE,INDHOTEL,INDIAN HOTELS CO LTD,15/06/2021, , ,14/06/2021, , ,AGM/DIV - RS 0.40 PER SH 
BE,DRREDDY,DR. REDDY'S LABORATORIES, ,13/07/2021,15/07/2021,09/07/2021, , ,AGM/DIV - RS 25 PER SH   
BE,TATACHEM,TATA CHEMICALS LTD, ,16/06/2021,21/06/2021,14/06/2021, , ,AGM/DIV - RS 10 PER SH   
BE,HINDPETRO,HINDUSTAN PERTOLEUM CORP, ,12/07/2021,16/07/2021,08/07/2021, , ,DIV - RS 22.75 PER SH    
BE,M&M,MAHINDRA & MAHINDRA LTD, ,17/07/2021,06/08/2021,15/07/2021, , ,AGM/DIV-RS 8.75 PER SH   
BE,CARBORUNIV,Carborundum Univ Ltd, ,26/07/2021,02/08/2021,22/07/2021, , ,AGM/DIV - RS 1.50 PER SH 
BE,RAYMOND,RAYMOND-depo, ,24/07/2021,02/08/2021,22/07/2021, , ,ANNUAL GENERAL MEETING   
BE,ELGIEQUIP,Elgi Equipments Ltd, ,27/07/2021,02/08/2021,23/07/2021, , ,AGM/DIV - RS 0.80 PER SH 
BE,MAHSCOOTER,Maharashtra Scooters Ltd, ,10/07/2021,21/07/2021,08/07/2021, , ,AGM/DIV - RS 50 PER SH   
BE,RALLIS,Rallis India Ltd., ,11/06/2021,17/06/2021,09/06/2021, , ,AGM/DIV - RS 3 PER SH    
BE,SESHAPAPER,Seshasaye Pap & Boards , ,15/07/2021,24/07/2021,13/07/2021, , ,AGM/DIV - RS 2.50 PER SH 
BE,GHCL,GHCL Limited,12/06/2021, , ,10/06/2021, , ,AGM/DIV - RS 5.50 PER SH 
BE,JYOTISTRUC,Jyoti Structures Ltd, ,08/06/2021,15/06/2021,04/06/2021, , ,ANNUAL GENERAL MEETING   
BE,SUPREMEIND,SUPREME INDUSTRIES LTD, ,23/06/2021,29/06/2021,21/06/2021, , ,AGM/DIV - RS 17 PER SH   
BE,BASF,BASF - Depo, ,24/07/2021,30/07/2021,22/07/2021, , ,AGM/DIV-RS 5/SPLDIV-RS 5 
BE,LYKALABS,Lyka Labs Ltd, ,24/07/2021,30/07/2021,22/07/2021, , ,ANNUAL GENERAL MEETING   
BE,ITC,ITC LTD,11/06/2021, , ,10/06/2021, , ,DIV - RS 5.75 PER SH     
BE,VSTIND,VST Industries Ltd., ,20/07/2021,27/07/2021,16/07/2021, , ,DIV - RS 114 PER SH      
BE,EIHOTEL,EIH LTD DEP, ,23/07/2021,25/07/2021,20/07/2021, , ,ANNUAL GENERAL MEETING   
BE,SHREDIGCEM,SHREE DIGVIJAY CEMENT,11/06/2021, , ,10/06/2021, , ,DIV - RS 2.50 PER SH     
BE,TATAPOWER,TATA POWER LTD, ,19/06/2021,05/07/2021,17/06/2021, , ,DIV - RS 1.55 PER SH     
BE,PHILIPCARB,Phillips Carbon Black, ,16/06/2021,22/06/2021,14/06/2021, , ,ANNUAL GENERAL MEETING   
BE,SRTRANSFIN,Shriram Trans Fin Co. Ltd, ,18/06/2021,24/06/2021,16/06/2021, , ,AGM/DIV - RS 6 PER SH    
BE,TATAELXSI,Tata Elxsi Limited, ,19/06/2021,25/06/2021,17/06/2021, , ,AGM/DIV-RS24/SPLDIV-RS24 
BE,SWARAJENG,Swaraj Engines Ltd, ,03/07/2021,09/07/2021,01/07/2021, , ,DIV-RS 50/SPLDIV-RS 19   
BE,AARTIIND,Aarti Industries Ltd.,23/06/2021, , ,22/06/2021, , ,BONUS 1:1                
BE,SUPPETRO,Supreme Petrochem Ltd, ,29/06/2021,01/07/2021,25/06/2021, , ,AGM/DIV-RS 12.50 PER SH  
BE,SHANTIGEAR,Shanthi Gears Ltd, ,10/07/2021,21/07/2021,08/07/2021, , ,ANNUAL GENERAL MEETING   
BE,WHEELS,Wheels India Ltd, ,29/07/2021,04/08/2021,27/07/2021, , ,AGM/DIV - RE 1 PER SH    
BE,HERITGFOOD,Heritage Foods Ltd., ,24/07/2021,30/07/2021,22/07/2021, , ,AGM/DIV - RS 5 PER SH    
BE,GABRIEL,Gabriel India Ltd,28/07/2021, , ,27/07/2021, , ,DIV - RS 0.70 PER SH     
BE,BLUEDART,Blue Dart Express Ltd, ,23/07/2021,30/07/2021,20/07/2021, , ,AGM/DIV - RS 15 PER SH   
BE,BANARBEADS,BanarasBeadsLtd-RollSett, ,21/07/2021,27/07/2021,19/07/2021, , ,ANNUAL GENERAL MEETING   
BE,TORNTPHARM,TORNTPHARM - Depo,18/06/2021, , ,17/06/2021, , ,DIV - RS 15 PER SH       
BE,FOSECOIND,Foseco India Ltd, ,15/06/2021,21/06/2021,11/06/2021, , ,DIV - RS 10 PER SH       
BE,CADILAHC,Cadila Healthcare-Depo, ,30/07/2021,06/08/2021,28/07/2021, , ,AGM/DIV-RS 3.50 PER SH   
BE,LAXMIMACH,LakshmiMachine-Roll Sett, ,15/07/2021,21/07/2021,13/07/2021, , ,AGM/DIV - RS 10 PER SH   
BE,JAYBARMARU,Jay Bharat Maruti Ltd,08/06/2021, , ,07/06/2021, , ,BONUS 1:1                
BE,NELCO,Nelco Ltd., ,09/06/2021,14/06/2021,07/06/2021, , ,DIV - RS 1.20 PER SH     
BE,HAVELLS,Havells India Limited, ,19/06/2021,23/06/2021,17/06/2021, , ,AGM/DIV - RS 3.50 PER SH 
BE,DWARKESH,Dwarikesh Sugar Ind. Ltd., ,14/07/2021,20/07/2021,12/07/2021, , ,AGM/DIV - RS 1.25 PER SH 
BE,GLAXO,GlaxoSmithKline Pharmaceu,20/07/2021, , ,19/07/2021, , ,AGM/DIV - RS 30  PER SH  
BE,PONNIERODE,Ponni Sugars (Erode) Ltd., ,08/07/2021,20/07/2021,06/07/2021, , ,AGM/DIV-RS4/SPLDIV-RE1   
BE,SKFINDIA,SKF India Limited,07/07/2021, , ,06/07/2021, , ,AGM/DIV - RS 14.50 PER SH
BE,RANEHOLDIN,Rane Holdings Limited,30/07/2021, , ,29/07/2021, , ,ANNUAL GENERAL MEETING   
BE,KANSAINER,Kansai Nerolac Paints Ltd, ,19/06/2021,25/06/2021,17/06/2021, , ,AGM/DIV-RS 2/SPLDIV-RS 2 
BE,JSWSTEEL,JSW Steel Limited, ,07/07/2021,09/07/2021,05/07/2021, , ,AGM/DIV - RS 6.50 PER SH 
BE,WENDT,Wendt (India) Ltd., ,16/07/2021,23/07/2021,14/07/2021, , ,AGM/DIV - RS 20 PER SH   
BE,JINDALSAW,Jindal Saw Limited, ,10/07/2021,16/07/2021,08/07/2021, , ,AGM/DIV - RS 2 PER SH    
BE,TATASTEEL,Tata Steel Limited, ,19/06/2021,30/06/2021,17/06/2021, , ,AGM/DIV - RS 25 PER SH   
BE,ATUL,Atul Ltd., ,17/07/2021,23/07/2021,15/07/2021, , ,AGM/DIV - RS 20 PER SH   
BE,JETAIRWAYS,Jet Airways (India) Ltd., ,01/06/2021,08/06/2021,28/05/2021, , ,ANNUAL GENERAL MEETING   
BE,BEPL,Bhansal Engg PolyLtd-Depo, ,24/06/2021,30/06/2021,22/06/2021, , ,AGM/DIV - RE 1 PER SH    
BE,SHRIRAMCIT,Shriram Cityuni Fin.Ltd., ,23/07/2021,29/07/2021,20/07/2021, , ,AGM/DIV - RS 13 PER SH   
BE,M&MFIN,Mahindra & Mahindra Finan, ,20/07/2021,26/07/2021,16/07/2021, , ,AGM/DIV - RS  0.80 PER SH
BE,GANGOTRI,Gangotri Textiles Limited, ,24/07/2021,30/07/2021,22/07/2021, , ,ANNUAL GENERAL MEETING   
BE,GRANULES,Granules India Limited, ,30/07/2021,05/08/2021,28/07/2021, , ,AGM/DIV - RS 0.75 PER SH 
BE,TATAINVEST,Tata Inv. Corpn Ltd., ,18/06/2021,28/06/2021,16/06/2021, , ,AGM/DIV - RS 24 PER SH   
BE,PIONEEREMB,Pioneer Embroideries Limi, ,10/07/2021,18/07/2021,08/07/2021, , ,AGM/DIV - RS 0.25  PER SH
BE,HINDUNILVR,Hindustan Unilever Ltd, ,16/06/2021,22/06/2021,14/06/2021, , ,AGM/DIV - RS 17 PER SH   
BE,TECHM,Tech Mahindra Limited, ,27/07/2021,30/07/2021,23/07/2021, , ,AGM/DIV-RS15SPLDIV-RS15  
BZ,JETAIRWAYS,Jet Airways (India) Ltd., ,01/06/2021,08/06/2021,28/05/2021, , ,ANNUAL GENERAL MEETING   
BZ,JYOTISTRUC,Jyoti Structures Ltd, ,08/06/2021,15/06/2021,04/06/2021, , ,ANNUAL GENERAL MEETING   
BZ,GANGOTRI,Gangotri Textiles Limited, ,24/07/2021,30/07/2021,22/07/2021, , ,ANNUAL GENERAL MEETING   
BZ,BILENERGY,Bil Energy Systems Ltd, ,17/06/2021,21/06/2021,15/06/2021, , ,ANNUAL GENERAL MEETING   
D2,PEL,PEL 9.28% Unsec CCD,12/06/2021, , , , , ,CONVERSION INTO EQUITY   
E1,ABFRLPP1,Aditya Birla Rs7.5 ppd up,01/07/2021, , ,30/06/2021, , ,FNLCALL-RS 27.50 PER SH  
EQ,BANARBEADS,Banaras Beads Ltd, ,21/07/2021,27/07/2021,19/07/2021, , ,ANNUAL GENERAL MEETING   
EQ,RALLIS,Rallis India Ltd., ,11/06/2021,17/06/2021,09/06/2021, , ,AGM/DIV - RS 3 PER SH    
EQ,SUPREMEIND,Supreme Industries Ltd, ,23/06/2021,29/06/2021,21/06/2021, , ,AGM/DIV - RS 17 PER SH   
EQ,SUPPETRO,Supreme Petrochem Ltd, ,29/06/2021,01/07/2021,25/06/2021, , ,AGM/DIV-RS 12.50 PER SH  
EQ,TATAPOWER,Tata Power Co. Ltd., ,19/06/2021,05/07/2021,17/06/2021, , ,DIV - RS 1.55 PER SH     
EQ,TORNTPHARM,Torrent Pharma Ltd.,18/06/2021, , ,17/06/2021, , ,DIV - RS 15 PER SH       
EQ,TATACHEM,Tata Chemicals Ltd., ,16/06/2021,21/06/2021,14/06/2021, , ,AGM/DIV - RS 10 PER SH   
EQ,EIHOTEL,EIH Ltd, ,23/07/2021,25/07/2021,20/07/2021, , ,ANNUAL GENERAL MEETING   
EQ,ELGIEQUIP,Elgi Equipments Ltd, ,27/07/2021,02/08/2021,23/07/2021, , ,AGM/DIV - RS 0.80 PER SH 
EQ,BLUEDART,Blue Dart Express Ltd, ,23/07/2021,30/07/2021,20/07/2021, , ,AGM/DIV - RS 15 PER SH   
EQ,JYOTISTRUC,Jyoti Structures Ltd, ,08/06/2021,15/06/2021,04/06/2021, , ,ANNUAL GENERAL MEETING   
EQ,SHANTIGEAR,Shanthi Gears Ltd, ,10/07/2021,21/07/2021,08/07/2021, , ,ANNUAL GENERAL MEETING   
EQ,PHILIPCARB,Phillips Carbon Black, ,16/06/2021,22/06/2021,14/06/2021, , ,ANNUAL GENERAL MEETING   
EQ,LYKALABS,Lyka Labs Ltd, ,24/07/2021,30/07/2021,22/07/2021, , ,ANNUAL GENERAL MEETING   
EQ,TATAELXSI,Tata Elxsi Limited, ,19/06/2021,25/06/2021,17/06/2021, , ,AGM/DIV-RS24/SPLDIV-RS24 
EQ,M&M,Mah & Mah Ltd., ,17/07/2021,06/08/2021,15/07/2021, , ,AGM/DIV-RS 8.75 PER SH   
EQ,INDHOTEL,Indian Hotels Co. Ltd.,15/06/2021, , ,14/06/2021, , ,AGM/DIV - RS 0.40 PER SH 
EQ,ITC,ITC Ltd.,11/06/2021, , ,10/06/2021, , ,DIV - RS 5.75 PER SH     
EQ,AARTIIND,Aarti Industries Ltd.,23/06/2021, , ,22/06/2021, , ,BONUS 1:1                
EQ,GABRIEL,Gabriel India Ltd,28/07/2021, , ,27/07/2021, , ,DIV - RS 0.70 PER SH     
EQ,GLAXO,GlaxoSmithKline Pharmaceu,20/07/2021, , ,19/07/2021, , ,AGM/DIV - RS 30  PER SH  
EQ,GHCL,GHCL Limited,12/06/2021, , ,10/06/2021, , ,AGM/DIV - RS 5.50 PER SH 
EQ,FOSECOIND,Foseco India Ltd, ,15/06/2021,21/06/2021,11/06/2021, , ,DIV - RS 10 PER SH       
EQ,ASIANPAINT,Asian Paints Limited,11/06/2021, , ,10/06/2021, , ,DIV - RS 14.50 PER SH    
EQ,DRREDDY,Dr. Reddys Lab Ltd, ,13/07/2021,15/07/2021,09/07/2021, , ,AGM/DIV - RS 25 PER SH   
EQ,NOCIL,NOCIL Limited, ,28/07/2021,03/08/2021,26/07/2021, , ,AGM/DIV - RS 2 PER SH    
EQ,HINDPETRO,Hindustan Petroleum Corp, ,12/07/2021,16/07/2021,08/07/2021, , ,DIV - RS 22.75 PER SH    
EQ,BASF,BASF Ltd., ,24/07/2021,30/07/2021,22/07/2021, , ,AGM/DIV-RS 5/SPLDIV-RS 5 
EQ,LAXMIMACH,Lakshmi Mach Works, ,15/07/2021,21/07/2021,13/07/2021, , ,AGM/DIV - RS 10 PER SH   
EQ,SWARAJENG,Swaraj Engines Ltd, ,03/07/2021,09/07/2021,01/07/2021, , ,DIV-RS 50/SPLDIV-RS 19   
EQ,CARBORUNIV,Carborundum Univ Ltd, ,26/07/2021,02/08/2021,22/07/2021, , ,AGM/DIV - RS 1.50 PER SH 
EQ,RAYMOND,Raymond Ltd., ,24/07/2021,02/08/2021,22/07/2021, , ,ANNUAL GENERAL MEETING   
EQ,SESHAPAPER,Seshasaye Pap & Boards , ,15/07/2021,24/07/2021,13/07/2021, , ,AGM/DIV - RS 2.50 PER SH 
EQ,SHREDIGCEM,Shree Digvijay Cem Co Ltd,11/06/2021, , ,10/06/2021, , ,DIV - RS 2.50 PER SH     
EQ,SRTRANSFIN,Shriram Trans Fin Co. Ltd, ,18/06/2021,24/06/2021,16/06/2021, , ,AGM/DIV - RS 6 PER SH    
EQ,JAYBARMARU,Jay Bharat Maruti Ltd,08/06/2021, , ,07/06/2021, , ,BONUS 1:1                
EQ,MAHSCOOTER,Maharashtra Scooters Ltd, ,10/07/2021,21/07/2021,08/07/2021, , ,AGM/DIV - RS 50 PER SH   
EQ,NELCO,Nelco Ltd., ,09/06/2021,14/06/2021,07/06/2021, , ,DIV - RS 1.20 PER SH     
EQ,WHEELS,Wheels India Ltd, ,29/07/2021,04/08/2021,27/07/2021, , ,AGM/DIV - RE 1 PER SH    
EQ,HERITGFOOD,Heritage Foods Ltd., ,24/07/2021,30/07/2021,22/07/2021, , ,AGM/DIV - RS 5 PER SH    
EQ,RELIANCE,Reliance Industries Ltd,14/06/2021, , ,11/06/2021, , ,DIV - RS 7 PER SH        
EQ,VSTIND,VST Industries Ltd., ,20/07/2021,27/07/2021,16/07/2021, , ,DIV - RS 114 PER SH      
EQ,CADILAHC,Cadila Healthcare Ltd., ,30/07/2021,06/08/2021,28/07/2021, , ,AGM/DIV-RS 3.50 PER SH   
EQ,HAVELLS,Havells India Limited, ,19/06/2021,23/06/2021,17/06/2021, , ,AGM/DIV - RS 3.50 PER SH 
EQ,DWARKESH,Dwarikesh Sugar Industrie, ,14/07/2021,20/07/2021,12/07/2021, , ,AGM/DIV - RS 1.25 PER SH 
EQ,PONNIERODE,Ponni Sugars (Erode) Limi, ,08/07/2021,20/07/2021,06/07/2021, , ,AGM/DIV-RS4/SPLDIV-RE1   
EQ,SKFINDIA,SKF India Limited,07/07/2021, , ,06/07/2021, , ,AGM/DIV - RS 14.50 PER SH
EQ,RANEHOLDIN,Rane Holdings Limited,30/07/2021, , ,29/07/2021, , ,ANNUAL GENERAL MEETING   
EQ,KANSAINER,Kansai Nerolac Paints Ltd, ,19/06/2021,25/06/2021,17/06/2021, , ,AGM/DIV-RS 2/SPLDIV-RS 2 
EQ,JSWSTEEL,JSW Steel Limited, ,07/07/2021,09/07/2021,05/07/2021, , ,AGM/DIV - RS 6.50 PER SH 
EQ,WENDT,Wendt (India) Ltd., ,16/07/2021,23/07/2021,14/07/2021, , ,AGM/DIV - RS 20 PER SH   
EQ,JINDALSAW,Jindal Saw Limited, ,10/07/2021,16/07/2021,08/07/2021, , ,AGM/DIV - RS 2 PER SH    
EQ,TATASTEEL,Tata Steel Limited, ,19/06/2021,30/06/2021,17/06/2021, , ,AGM/DIV - RS 25 PER SH   
EQ,ATUL,Atul Ltd., ,17/07/2021,23/07/2021,15/07/2021, , ,AGM/DIV - RS 20 PER SH   
EQ,JETAIRWAYS,Jet Airways (India) Ltd., ,01/06/2021,08/06/2021,28/05/2021, , ,ANNUAL GENERAL MEETING   
EQ,BEPL,Bhansali Eng. Polymers Lt, ,24/06/2021,30/06/2021,22/06/2021, , ,AGM/DIV - RE 1 PER SH    
EQ,SHRIRAMCIT,Shriram City Union Financ, ,23/07/2021,29/07/2021,20/07/2021, , ,AGM/DIV - RS 13 PER SH   
EQ,M&MFIN,Mahindra & Mahindra Finan, ,20/07/2021,26/07/2021,16/07/2021, , ,AGM/DIV - RS  0.80 PER SH
EQ,GANGOTRI,Gangotri Textiles Limited, ,24/07/2021,30/07/2021,22/07/2021, , ,ANNUAL GENERAL MEETING   
EQ,GRANULES,Granules India Limited, ,30/07/2021,05/08/2021,28/07/2021, , ,AGM/DIV - RS 0.75 PER SH 
EQ,TATAINVEST,Tata Inv. Corpn Ltd., ,18/06/2021,28/06/2021,16/06/2021, , ,AGM/DIV - RS 24 PER SH   
EQ,PIONEEREMB,Pioneer Embroideries Limi, ,10/07/2021,18/07/2021,08/07/2021, , ,AGM/DIV - RS 0.25  PER SH
EQ,HINDUNILVR,Hindustan Unilever Ltd, ,16/06/2021,22/06/2021,14/06/2021, , ,AGM/DIV - RS 17 PER SH   
EQ,TECHM,Tech Mahindra Limited, ,27/07/2021,30/07/2021,23/07/2021, , ,AGM/DIV-RS15SPLDIV-RS15  
EQ,ICRA,ICRA Limited, ,24/07/2021,28/07/2021,22/07/2021, , ,DIV - RS 27 PER SH       
EQ,GRINDWELL,Grindwell Norton Limited, ,22/07/2021,28/07/2021,19/07/2021, , ,AGM/DIV - RS 9.50 PER SH 
EQ,NILKAMAL,Nilkamal Limited, ,29/07/2021,04/08/2021,27/07/2021, , ,AGM/DIV - RS 10 PER SH   
EQ,JSWHL,JSW Holdings Limited, ,23/06/2021,24/06/2021,21/06/2021, , ,ANNUAL GENERAL MEETING   
EQ,PTL,PTL Enterprises Limited, ,05/07/2021,15/07/2021,01/07/2021, , ,AGM/DIV - RS 2.50 PER SH 
EQ,NAVINFLUOR,Navin Fluorine Internatio, ,13/07/2021,16/07/2021,09/07/2021, , ,DIV - RS 6 PER SH        
EQ,APCOTEXIND,Apcotex Industries Ltd., ,03/07/2021,08/07/2021,01/07/2021, , ,AGM/DIV - RS 2 PER SH    
EQ,TORNTPOWER,Torrent Power Limited,25/06/2021, , ,24/06/2021, , ,DIV - RS 5.50 PER SH     
EQ,INDIANB,Indian Bank,09/07/2021, , ,08/07/2021, , ,AGM/DIV - RS 2 PER SH    
EQ,COLPAL,Colgate Palmolive (India), ,23/07/2021,29/07/2021,20/07/2021, , ,ANNUAL GENERAL MEETING   
EQ,SUBEXLTD,Subex Ltd,02/07/2021, , ,01/07/2021, , ,AGM/DIV - RS 0.25 PER SH 
EQ,JYOTHYLAB,Jyothy Labs Limited, ,23/07/2021,30/07/2021,20/07/2021, , ,AGM/DIV - RS 4 PER SH    
EQ,RANEENGINE,Rane Engine Valve Limited,15/07/2021, , ,14/07/2021, , ,ANNUAL GENERAL MEETING   
EQ,ZYDUSWELL,Zydus Wellness Limited, ,16/07/2021,23/07/2021,14/07/2021, , ,AGM/DIV - RS 5 PER SH    
EQ,ASTEC,Astec LifeSciences Ltd, ,24/07/2021,27/07/2021,22/07/2021, , ,AGM/DIV - RS 1.50 PER SH 
EQ,ABBOTINDIA,Abbott India Limited, ,21/07/2021,27/07/2021,19/07/2021, , ,AGM/DIVRS120SPLDIVRS155  
EQ,BOSCHLTD,Bosch Limited, ,14/07/2021,05/08/2021,12/07/2021, , ,AGM/DIV - RS 115 PER SH  
EQ,BAJAJHLDNG,Bajaj Holdings & Invs Ltd, ,10/07/2021,22/07/2021,08/07/2021, , ,AGM/DIV - RS 40 PER SH   
EQ,MPSLTD,MPS Limited, ,24/06/2021,30/06/2021,22/06/2021, , ,ANNUAL GENERAL MEETING   
EQ,VGUARD,V-Guard Industries Limite, ,30/07/2021,05/08/2021,28/07/2021, , ,AGM/DIV - RS 1.20 PER SH 
EQ,COROMANDEL,Coromandel Internl Ltd., ,17/07/2021,26/07/2021,15/07/2021, , ,AGM/DIV - RS 6 PER SH    
EQ,EIHAHOTELS,EIH Associated Hotels, ,20/07/2021,22/07/2021,16/07/2021, , ,ANNUAL GENERAL MEETING   
EQ,BAJAJFINSV,Bajaj Finserv Limited, ,10/07/2021,21/07/2021,08/07/2021, , ,AGM/DIV - RS 3  PER SH   
EQ,BAJAJ-AUTO,Bajaj Auto Limited, ,10/07/2021,22/07/2021,08/07/2021, , ,AGM/DIV - RS 140 PER SH  
EQ,RBL,Rane Brake Lining Limited,19/07/2021, , ,16/07/2021, , ,AGM/DIV - RS 25 PER SH   
EQ,CHOLAFIN,Cholamandalam In & Fin Co, ,26/07/2021,30/07/2021,22/07/2021, , ,AGM/DIV - RS 0.70 PER SH 
EQ,BAJFINANCE,Bajaj Finance Limited, ,10/07/2021,20/07/2021,08/07/2021, , ,AGM/DIV - RS 10 PER SH   
EQ,SMLISUZU,SML Isuzu Limited, ,23/07/2021,30/07/2021,20/07/2021, , ,ANNUAL GENERAL MEETING   
EQ,BILENERGY,Bil Energy Systems Ltd, ,17/06/2021,21/06/2021,15/06/2021, , ,ANNUAL GENERAL MEETING   
EQ,LALPATHLAB,Dr. Lal Path Labs Ltd.,22/07/2021, , ,20/07/2021, , ,AGM/DIV - RS 8 PER SH    
EQ,HEROMOTOCO,Hero MotoCorp Limited, ,24/07/2021,04/08/2021,22/07/2021, , ,AGM/DIV-RS25/SPLDIV-RS10 
EQ,MINDACORP,Minda Corporation Ltd, ,05/07/2021,09/07/2021,01/07/2021, , ,DIV - RS 0.35 PER SH     
EQ,HIL,HIL Limited, ,24/07/2021,30/07/2021,22/07/2021, , ,AGM/DIV - RS 25 PER SH   
EQ,ORIENTCEM,Orient Cement Ltd., ,30/07/2021,05/08/2021,28/07/2021, , ,AGM/DIV - RS 1.50 PER SH 
EQ,LINDEINDIA,BOC India Limited, ,18/06/2021,24/06/2021,16/06/2021, , ,AGM/DIV - RS 3 PER SH    
EQ,VAIBHAVGBL,Vaibhav Gems Limited, ,02/07/2021,02/07/2021,30/06/2021, , ,AGM/DIV - RS 1.50 PER SH 
EQ,DCMSHRIRAM,DCM Shriram Limited,09/07/2021, , ,08/07/2021, , ,DIV - RS 3.80 PER SH     
EQ,CYIENT,Cyient Limited, ,07/06/2021,17/06/2021,03/06/2021, , ,AGM/DIV - RS 17 PER SH   
EQ,PDSMFL,PDS Multinational Fas Ltd, ,24/07/2021,30/07/2021,22/07/2021, , ,AGM/DIV-RS 15.75 PER SH  
EQ,VISHNU,Vishnu Chemicals Limited,02/07/2021, , ,01/07/2021, , ,AGM/DIV - RS 1 PER SH    
EQ,SYNGENE,Syngene International Ltd,14/07/2021, , ,13/07/2021, , ,ANNUAL GENERAL MEETING   
EQ,PILITA,PIL Italica Lifestyle Ltd, ,17/06/2021,24/06/2021,15/06/2021, , ,ANNUAL GENERAL MEETING   
EQ,PRECAM,Precision Camshafts Ltd., ,20/07/2021,27/07/2021,16/07/2021, , ,AGM/DIV - RE 1 PER SH    
EQ,CROMPTON,Crompt Grea Con Elec Ltd,09/07/2021, , ,08/07/2021, , ,AGM/DIV - RS 2.50 PER SH 
EQ,5PAISA,5paisa Capital Limited, ,05/06/2021,11/06/2021,03/06/2021, , ,ANNUAL GENERAL MEETING   
EQ,TEJASNET,Tejas Networks Limited, ,18/06/2021,25/06/2021,16/06/2021, , ,ANNUAL GENERAL MEETING   
EQ,HDFCLIFE,HDFC Life Ins Co Ltd,01/07/2021, , ,30/06/2021, , ,DIV - RS 2.02 PER SH     
EQ,LAURUSLABS,Laurus Labs Limited, ,09/07/2021,15/07/2021,07/07/2021, , ,ANNUAL GENERAL MEETING   
EQ,ICICIPRULI,ICICI Pru Life Ins Co Ltd, ,18/06/2021,25/06/2021,16/06/2021, , ,DIV - RS 2 PER SH        
EQ,VBL,Varun Beverages Limited,12/06/2021, , ,10/06/2021, , ,BONUS 1:2                
EQ,MAHLOG,Mahindra Logistic Limited, ,21/07/2021,27/07/2021,19/07/2021, , ,DIV - RS 2.50  PER SH    
EQ,HDFCAMC,HDFC AMC Limited, ,01/07/2021,16/07/2021,29/06/2021, , ,AGM/DIV - RS 34 PER SH   
EQ,SUNDARMHLD,Sundaram Finance Hold Ltd, ,01/07/2021,14/07/2021,29/06/2021, , ,AGM/DIV - RS 0.50 PER SH 
EQ,ORIENTELEC,Orient Electric Limited, ,23/07/2021,29/07/2021,20/07/2021, , ,AGM/DIV - RS 1.25 PER SH 
EQ,MAHEPC,Mahindra EPC Irrig Ltd, ,16/07/2021,22/07/2021,14/07/2021, , ,AGM/DIV - RS 1.20 PER SH 
EQ,NAM-INDIA,Nippon L I A M Ltd,11/06/2021, , ,10/06/2021, , ,DIV - RS 5  PER SH       
EQ,TATACONSUM,TATA CONSUMER PRODUCT LTD, ,12/06/2021,18/06/2021,10/06/2021, , ,AGM/DIV-RS 4.05 PER SH   
EQ,HAPPSTMNDS,Happiest Minds Techno Ltd, ,01/07/2021,07/07/2021,29/06/2021, , ,AGM/DIV - RS 3 PER SH    
EQ,CAMS,Computer Age Mngt Ser Ltd,29/07/2021, , ,28/07/2021, , ,DIV - RS 11.84 PER SH    
EQ,ANGELBRKG,Angel Broking Limited,22/06/2021, , ,21/06/2021, , ,ANNUAL GENERAL MEETING   
EQ,BAJAJCON,Bajaj Corp Limited, ,15/06/2021,21/06/2021,11/06/2021, , ,AGM/DIV - RS 4 PER SH    
EQ,CHOLAHLDNG,Cholamandalam Fin Hol Ltd, ,29/07/2021,04/08/2021,27/07/2021, , ,AGM/DIV - RS 0.55 PER SH 
EQ,LXCHEM,Laxmi Organic Indus Ltd,15/07/2021, , ,14/07/2021, , ,DIV - RS 0.50 PER SH     
EQ,HUHTAMAKI,Huhtamaki India Limited, ,11/06/2021,22/06/2021,09/06/2021, , ,AGM/DIV - RS 3 PER SH    
GS,667GS2050,GOI LOAN  6.67% 2050,14/06/2021, , ,11/06/2021, , ,INTEREST PAYMENT         
GS,772GS2049,GOI LOAN 7.72% 2049,11/06/2021, , ,10/06/2021, , ,INTEREST PAYMENT         
GS,83GS2040,GOI LOAN 8.30% 2040,30/06/2021, , ,29/06/2021, , ,INTEREST PAYMENT         
GS,83GS2042,GOI LOAN 8.30% 2042,25/06/2021, , ,24/06/2021, , ,INTEREST PAYMENT         
GS,84GS2024,GOI LOAN 8.40% 2024,26/07/2021, , ,23/07/2021, , ,INTEREST PAYMENT         
GS,883GS2041,GOI LOAN 8.83% 2041,09/06/2021, , ,08/06/2021, , ,INTEREST PAYMENT         
GS,923GS2043,GOI LOAN 9.23% 2043,19/06/2021, , ,17/06/2021, , ,INTEREST PAYMENT         
GS,726GS2029,GOI LOAN 7.26% 2029,12/07/2021, , ,09/07/2021, , ,INTEREST PAYMENT         
GS,617GS2023,GOI LOAN 6.17% 2023,09/06/2021, , ,08/06/2021, , ,INTEREST PAYMENT         
GS,679GS2029,GOI LOAN 6.79% 2029,23/06/2021, , ,22/06/2021, , ,INTEREST PAYMENT         
GS,683GS2039,GOI 6.83% 2039,17/07/2021, , ,15/07/2021, , ,INTEREST PAYMENT         
GS,684GS2022,GOI LOAN 6.84% 2022,16/06/2021, , ,15/06/2021, , ,INTEREST PAYMENT         
GS,717GS2028,GOI LOAN 7.17% 2028,06/07/2021, , ,05/07/2021, , ,INTEREST PAYMENT         
GS,735GS2024,GOI LOAN 7.35% 2024,19/06/2021, , ,17/06/2021, , ,INTEREST PAYMENT         
GS,759GS2026,GOI LOAN 7.59% 2026,09/07/2021, , ,08/07/2021, , ,INTEREST PAYMENT         
GS,768GS2023,GOI LOAN 7.68% 2023,11/06/2021, , ,10/06/2021, , ,INTEREST PAYMENT         
GS,773GS2034,GOI LOAN 7.73% 2034,16/06/2021, , ,15/06/2021, , ,INTEREST PAYMENT         
GS,813GS2045,GOI LOAN 8.13% 2045,19/06/2021, , ,17/06/2021, , ,INTEREST PAYMENT         
GS,815GS2022A,GOI LOAN 8.15% 2022,08/06/2021, , ,07/06/2021, , ,INTEREST PAYMENT         
GS,617GS2021,GOI LOAN 6.17% 2021,13/07/2021, , ,12/07/2021, , ,INT PAYMENT/REDEMPTN     
GS,769GS2043,GOI LOAN 7.69% 2043,14/06/2021, , ,11/06/2021, , ,INTEREST PAYMENT         
GS,757GS2033,GOI LOAN 7.57% 2033,14/06/2021, , ,11/06/2021, , ,INTEREST PAYMENT         
GS,522GS2025,GOI LOAN 5.22% 2025,11/06/2021, , ,10/06/2021, , ,INTEREST PAYMENT         
GS,68GS2060,GOI LOAN  6.8% 2060,14/06/2021, , ,11/06/2021, , ,INTEREST PAYMENT         
GS,763GS2059,GOI LOAN 7.63% 2059,14/06/2021, , ,11/06/2021, , ,INTEREST PAYMENT         
GS,732GS2024,GOVERNMENT OF INDIA,26/07/2021, , ,23/07/2021, , ,INTEREST PAYMENT         
GS,833GS2026,GOI LOAN 8.33% 2026,07/07/2021, , ,06/07/2021, , ,INTEREST PAYMENT         
M2,L&TFINANCE,L,08/06/2021, , ,01/06/2021,01/06/2021,07/06/2021,INTEREST PAYMENT         
M3,L&TFINANCE,L,08/06/2021, , ,01/06/2021,01/06/2021,07/06/2021,INTEREST PAYMENT         
M6,L&TFINANCE,L,08/06/2021, , ,01/06/2021,01/06/2021,07/06/2021,INTEREST PAYMENT         
M7,L&TFINANCE,L,08/06/2021, , ,01/06/2021,01/06/2021,07/06/2021,INTEREST PAYMENT         
M9,SRTRANSFIN,BOND 10.15% PA SRN S-III,29/06/2021, , ,28/06/2021, , ,INTEREST PAYMENT/REDEMPTI
MB,SRTRANSFIN,BOND 9.71% PA SRN S-V,29/06/2021, , ,28/06/2021, , ,INTEREST PAYMENT/REDEMPTI
MB,SRTRANSFIN,BOND 9.71% PA SRN S-V,15/06/2021, , ,14/06/2021, , ,INTEREST PAYMENT         
MF,UTIRQP29P5,UTIAMC - UTIRQP29P5,22/06/2021, , , , , ,DIV/REDEMPTION           
MF,FMPS3FDP,FRANTEMAMC - FMPS3FDP,15/06/2021, , , , , ,REDEMPTION               
MF,FMPS3FGR,FRANTEMAMC - FMPS3FGR,15/06/2021, , , , , ,REDEMPTION               
MF,FMPS3FDGR,FRANTEMAMC - FMPS3FDGR,15/06/2021, , , , , ,REDEMPTION               
MF,H1177D39RG,HDFCAMC - H1177D39RG,11/06/2021, , , , , ,REDEMPTION               
MF,H1177D39RD,HDFCAMC - H1177D39RD,11/06/2021, , , , , ,DIV/REDEMPTION           
MF,H1177D39DD,HDFCAMC - H1177D39DD,11/06/2021, , , , , ,DIV/REDEMPTION           
MF,H1177D39DG,HDFCAMC - H1177D39DG,11/06/2021, , , , , ,REDEMPTION               
MF,H1177D39DQ,HDFCAMC - H1177D39DQ,11/06/2021, , , , , ,DIV/REDEMPTION           
MF,H1177D39RQ,HDFCAMC - H1177D39RQ,11/06/2021, , , , , ,DIV/REDEMPTION           
MF,H1146D40RD,HDFCAMC - H1146D40RD,23/06/2021, , , , , ,DIV/REDEMPTION           
MF,H1146D40DG,HDFCAMC - H1146D40DG,23/06/2021, , , , , ,REDEMPTION               
MF,H1146D40DQ,HDFCAMC - H1146D40DQ,23/06/2021, , , , , ,DIV/REDEMPTION           
MF,H1146D40DD,HDFCAMC - H1146D40DD,23/06/2021, , , , , ,DIV/REDEMPTION           
MF,H1146D40RG,HDFCAMC - H1146D40RG,23/06/2021, , , , , ,REDEMPTION               
MF,H1146D40RQ,HDFCAMC - H1146D40RQ,23/06/2021, , , , , ,DIV/REDEMPTION           
MF,H1113D41RD,HDFCAMC - H1113D41RD,25/06/2021, , , , , ,DIV/REDEMPTION           
MF,H1113D41RQ,HDFCAMC - H1113D41RQ,25/06/2021, , , , , ,DIV/REDEMPTION           
MF,H1113D41DQ,HDFCAMC - H1113D41DQ,25/06/2021, , , , , ,DIV/REDEMPTION           
MF,H1113D41RG,HDFCAMC - H1113D41RG,25/06/2021, , , , , ,REDEMPTION               
MF,H1113D41DG,HDFCAMC - H1113D41DG,25/06/2021, , , , , ,REDEMPTION               
MF,IJDG,SUNDARMAMC - IJDG,29/06/2021, , , , , ,REDEMPTION               
MF,H1119D40DD,HDFCAMC - H1119D40DD,25/06/2021, , , , , ,DIV/REDEMPTION           
MF,H1119D40DG,HDFCAMC - H1119D40DG,25/06/2021, , , , , ,REDEMPTION               
MF,H1119D40DQ,HDFCAMC - H1119D40DQ,25/06/2021, , , , , ,DIV/REDEMPTION           
MF,H1119D40RG,HDFCAMC - H1119D40RG,25/06/2021, , , , , ,REDEMPTION               
MF,H1119D40RD,HDFCAMC - H1119D40RD,25/06/2021, , , , , ,DIV/REDEMPTION           
MF,H1119D40RQ,HDFCAMC - H1119D40RQ,25/06/2021, , , , , ,DIV/REDEMPTION           
MF,D1DD,CANROBAMC - D1DD,17/06/2021, , , , , ,REDEMPTION               
MF,IJRG,SUNDARMAMC - IJRG,29/06/2021, , , , , ,REDEMPTION               
MF,IJDD,SUNDARMAMC - IJDD,29/06/2021, , , , , ,REDEMPTION               
MF,IJRD,SUNDARMAMC - IJRD,29/06/2021, , , , , ,REDEMPTION               
MF,D1GP,CANROBAMC - D1GP,17/06/2021, , , , , ,REDEMPTION               
MF,D1DP,CANROBAMC - D1DP,17/06/2021, , , , , ,REDEMPTION               
MF,D1DG,CANROBAMC - D1DG,17/06/2021, , , , , ,REDEMPTION               
MF,H1099D41RQ,HDFCAMC - H1099D41RQ,25/06/2021, , , , , ,DIV/REDEMPTION           
MF,H1099D41RD,HDFCAMC - H1099D41RD,25/06/2021, , , , , ,DIV/REDEMPTION           
MF,H1099D41DQ,HDFCAMC - H1099D41DQ,25/06/2021, , , , , ,DIV/REDEMPTION           
MF,H1099D41RG,HDFCAMC - H1099D41RG,25/06/2021, , , , , ,REDEMPTION               
MF,H1099D41DG,HDFCAMC - H1099D41DG,25/06/2021, , , , , ,REDEMPTION               
MF,H1099D41DD,HDFCAMC - H1099D41DD,25/06/2021, , , , , ,DIV/REDEMPTION           
MF,UFDQIPIPVI,UTIAMC - UFDQIPIPVI,16/06/2021, , , , , ,DIV/STP                  
MF,UFDQIPIRVI,UTIAMC - UFDQIPIRVI,16/06/2021, , , , , ,DIV/STP                  
MF,UTFIMIPRPI,UTI-FIIF - MIP - I - RDP,28/06/2021, , , , , ,DIV/STP                  
MF,UTFIMIPRRI,UTI-FIIF - MIP - I - RDR,28/06/2021, , , , , ,DIV/STP                  
MF,UTFIMIPRGI,UTI-FIIF - MIP - I - RG,28/06/2021, , , , , ,STP                      
MF,UFIMIPRPII,UTI-FIIF - MIP - II - RDP,21/06/2021, , , , , ,DIV/STP                  
MF,UFIMIPRRII,UTI-FIIF - MIP - II - RDR,21/06/2021, , , , , ,DIV/STP                  
MF,UFIMIPRGII,UTI-FIIF - MIP - II - RG,21/06/2021, , , , , ,STP                      
MF,UIQIPRRIII,UTI-FIIF QIP - III - RDR,09/06/2021, , , , , ,DIV/STP                  
MF,UIQIPRPIII,UTI-FIIF QIP - III - RDP,09/06/2021, , , , , ,DIV/STP                  
MF,UIQIPRGIII,UTI-FIIF QIP - III - RG,09/06/2021, , , , , ,STP                      
MF,UFIQIPRGVI,UTI-FIIF II-QIP- VI-RG,16/06/2021, , , , , ,STP                      
MF,UFIQIPRRVI,UTI-FIIF II-QIP- VI-RDR,16/06/2021, , , , , ,DIV/STP                  
MF,UFIQIPRPVI,UTI-FIIF II-QIP- VI-RDP,16/06/2021, , , , , ,DIV/STP                  
MF,UDQIPIRIII,UTIAMC - UDQIPIRIII,09/06/2021, , , , , ,DIV/STP                  
MF,UDQIPIGIII,UTIAMC - UDQIPIGIII,09/06/2021, , , , , ,STP                      
MF,UFDMIPIPII,UTIAMC - UFDMIPIPII,21/06/2021, , , , , ,DIV/STP                  
MF,UFDMIPIGII,UTIAMC - UFDMIPIGII,21/06/2021, , , , , ,STP                      
MF,UFDQIPIGVI,UTIAMC - UFDQIPIGVI,16/06/2021, , , , , ,STP                      
MF,UTFDMIPIGI,UTIAMC - UTFDMIPIGI,28/06/2021, , , , , ,STP                      
MF,UTFDMIPIRI,UTIAMC - UTFDMIPIRI,28/06/2021, , , , , ,DIV/STP                  
MF,UTFDMIPIPI,UTIAMC - UTFDMIPIPI,28/06/2021, , , , , ,DIV/STP                  
MF,H1430D38RQ,HDFCAMC - H1430D38RQ,25/06/2021, , , , , ,DIV/REDEMPTION           
MF,H1430D38RD,HDFCAMC - H1430D38RD,25/06/2021, , , , , ,DIV/REDEMPTION           
MF,H1430D38RG,HDFCAMC - H1430D38RG,25/06/2021, , , , , ,REDEMPTION               
MF,H1430D38DQ,HDFCAMC - H1430D38DQ,25/06/2021, , , , , ,DIV/REDEMPTION           
MF,H1430D38DD,HDFCAMC - H1430D38DD,25/06/2021, , , , , ,DIV/REDEMPTION           
MF,H1430D38DG,HDFCAMC - H1430D38DG,25/06/2021, , , , , ,REDEMPTION               
MF,UTCPOR9GR2,UTIAMC - UTCPOR9GR2,08/06/2021, , , , , ,REDEMPTION               
MF,UTCPOR9DP2,UTIAMC - UTCPOR9DP2,08/06/2021, , , , , ,DIV/REDEMPTION           
MF,UTCPOD9GR2,UTIAMC - UTCPOD9GR2,08/06/2021, , , , , ,REDEMPTION               
MF,UTCPOD9DP2,UTIAMC - UTCPOD9DP2,08/06/2021, , , , , ,DIV/REDEMPTION           
MF,SC5DD,SUNDARMAMC - SC5DD,23/06/2021, , , , , ,REDEMPTION               
MF,SC5DG,SUNDARMAMC - SC5DG,23/06/2021, , , , , ,REDEMPTION               
MF,SC5RD,SUNDARMAMC - SC5RD,23/06/2021, , , , , ,REDEMPTION               
MF,SC5RG,SUNDARMAMC - SC5RG,23/06/2021, , , , , ,REDEMPTION               
MF,H1134D40RG,HDFCAMC - H1134D40RG,25/06/2021, , , , , ,REDEMPTION               
MF,H1134D40DD,HDFCAMC - H1134D40DD,25/06/2021, , , , , ,DIV/REDEMPTION           
MF,H1134D40DQ,HDFCAMC - H1134D40DQ,25/06/2021, , , , , ,DIV/REDEMPTION           
MF,H1134D40DG,HDFCAMC - H1134D40DG,25/06/2021, , , , , ,REDEMPTION               
MF,H1134D40RD,HDFCAMC - H1134D40RD,25/06/2021, , , , , ,DIV/REDEMPTION           
MF,H1134D40RQ,HDFCAMC - H1134D40RQ,25/06/2021, , , , , ,DIV/REDEMPTION           
MF,UTIRGR29P3,UTIAMC - UTIRGR29P3,22/06/2021, , , , , ,REDEMPTION               
MF,UTIRAP29P3,UTIAMC - UTIRAP29P3,22/06/2021, , , , , ,DIV/REDEMPTION           
MF,UTIRQP29P3,UTIAMC - UTIRQP29P3,22/06/2021, , , , , ,DIV/REDEMPTION           
MF,UTIDQP29P3,UTIAMC - UTIDQP29P3,22/06/2021, , , , , ,DIV/REDEMPTION           
MF,UTIDAP29P3,UTIAMC - UTIDAP29P3,22/06/2021, , , , , ,DIV/REDEMPTION           
MF,UTIRMP29P3,UTIAMC - UTIRMP29P3,22/06/2021, , , , , ,DIV/REDEMPTION           
MF,UTIDFP29P3,UTIAMC - UTIDFP29P3,22/06/2021, , , , , ,DIV/REDEMPTION           
MF,UTIDMP29P3,UTIAMC - UTIDMP29P3,22/06/2021, , , , , ,DIV/REDEMPTION           
MF,UTIDGR29P3,UTIAMC - UTIDGR29P3,22/06/2021, , , , , ,REDEMPTION               
MF,UTIDFP29P5,UTIAMC - UTIDFP29P5,22/06/2021, , , , , ,DIV/REDEMPTION           
MF,UTIRGR29P5,UTIAMC - UTIRGR29P5,22/06/2021, , , , , ,REDEMPTION               
MF,UTIRFP29P5,UTIAMC - UTIRFP29P5,22/06/2021, , , , , ,DIV/REDEMPTION           
MF,UTIDGR29P5,UTIAMC - UTIDGR29P5,22/06/2021, , , , , ,REDEMPTION               
MF,UTIDAP29P5,UTIAMC - UTIDAP29P5,22/06/2021, , , , , ,DIV/REDEMPTION           
MF,UTIRAP29P5,UTIAMC - UTIRAP29P5,22/06/2021, , , , , ,DIV/REDEMPTION           
MF,UTIRMP29P5,UTIAMC - UTIRMP29P5,22/06/2021, , , , , ,DIV/REDEMPTION           
MF,UTIDMP29P5,UTIAMC - UTIDMP29P5,22/06/2021, , , , , ,DIV/REDEMPTION           
MF,UTIDQP29P5,UTIAMC - UTIDQP29P5,22/06/2021, , , , , ,DIV/REDEMPTION           
MG,SRTRANSFIN,BOND PA SRN S-VIII,29/06/2021, , ,28/06/2021, , ,INTEREST PAYMENT/REDEMPTI
MH,SRTRANSFIN,Sec Red NCD 8.93% Sr. I,28/06/2021, , ,21/06/2021,21/06/2021,25/06/2021,INTEREST PAYMENT         
MH,SRTRANSFIN,Sec Red NCD 8.93% Sr. I,28/07/2021, , ,20/07/2021,20/07/2021,27/07/2021,INTEREST PAYMENT         
MI,SRTRANSFIN,Sec Red NCD 9.03% Sr. II,28/06/2021, , ,21/06/2021,21/06/2021,25/06/2021,INTEREST PAYMENT         
MI,SRTRANSFIN,Sec Red NCD 9.03% Sr. II,28/07/2021, , ,20/07/2021,20/07/2021,27/07/2021,INTEREST PAYMENT         
MJ,SRTRANSFIN,Sec Red NCD 9.10% Sr. III,28/06/2021, , ,21/06/2021,21/06/2021,25/06/2021,INTEREST PAYMENT/REDEMPTI
MK,SRTRANSFIN,Sec Red NCD 9.30% Sr. IV,28/06/2021, , ,21/06/2021,21/06/2021,25/06/2021,INTEREST PAYMENT         
ML,SRTRANSFIN,Sec Red NCD 9.40% Sr. V,28/06/2021, , ,25/06/2021, , ,INTEREST PAYMENT         
MM,SRTRANSFIN,Sec Red NCD Sr. VI,28/06/2021, , ,25/06/2021, , ,INTEREST PAYMENT/REDEMPTI
MO,SRTRANSFIN,Sec Red NCD 9.12% Sr. I,15/06/2021, , ,14/06/2021, , ,INTEREST PAYMENT         
MO,SRTRANSFIN,Sec Red NCD 9.12% Sr. I,16/07/2021, , ,15/07/2021, , ,INTEREST PAYMENT         
MP,SRTRANSFIN,Sec Red NCD 9.30% Sr. II,16/07/2021, , ,15/07/2021, , ,INTEREST PAYMENT         
MP,SRTRANSFIN,Sec Red NCD 9.30% Sr. II,15/06/2021, , ,14/06/2021, , ,INTEREST PAYMENT         
MV,SRTRANSFIN,Shriram Transport Finance,15/07/2021, , ,14/07/2021, , ,INTEREST PAYMENT         
MV,SRTRANSFIN,Shriram Transport Finance,15/06/2021, , ,14/06/2021, , ,INTEREST PAYMENT         
MW,SRTRANSFIN,Shriram Transport Finance,15/06/2021, , ,14/06/2021, , ,INTEREST PAYMENT         
MW,SRTRANSFIN,Shriram Transport Finance,15/07/2021, , ,14/07/2021, , ,INTEREST PAYMENT         
N3,DHANILOANS,Dhani Loans & Serv Ltd,23/06/2021, , ,22/06/2021, , ,INTEREST PAYMENT         
N3,ERFLNCDI,Sec Red NCD 8.65% Sr. III,16/06/2021, , ,15/06/2021, , ,INTEREST PAYMENT         
N4,IIFL,Sec Red NCD 9.75 % Sr.III,21/06/2021, , ,18/06/2021, , ,INTEREST PAYMENT         
N5,EHFLNCD,Sec Red NCD 9.57% Sr. V,24/06/2021, , ,23/06/2021, , ,INTEREST PAYMENT         
N5,ERFLNCDI,Sec Red NCD 8.88% Sr. V,16/06/2021, , ,15/06/2021, , ,INTEREST PAYMENT         
N6,IIFL,Unsec Red NCD 10.0% Sr. V,21/06/2021, , ,18/06/2021, , ,INTEREST PAYMENT         
N6,DHANILOANS,Dhani Loans & Serv Ltd,23/06/2021, , ,22/06/2021, , ,INTEREST PAYMENT         
N7,IBUCCREDIT,SeReNCD8.66%SrIVCIII&IV,10/06/2021, , ,09/06/2021, , ,INTEREST PAYMENT         
N8,IBULHSGFIN,Sec Red NCD 8.65% Sr. V,18/06/2021, , ,17/06/2021, , ,INTEREST PAYMENT         
N9,IIFL,Sec Red NCD 9.50 % Sr. II,15/06/2021, , ,14/06/2021, , ,INTEREST PAYMENT         
NA,IBUCCREDIT,SeReNCD8.75%SrVICI&II,10/06/2021, , ,09/06/2021, , ,INTEREST PAYMENT         
NA,DHANILOANS,Dhani Loans & Serv Ltd,12/06/2021, , ,10/06/2021, , ,INTEREST/REDEMPTION      
NB,IBUCCREDIT,SeReNCD8.84%SrVICIII&IV,10/06/2021, , ,09/06/2021, , ,INTEREST PAYMENT         
NB,DHANILOANS,Dhani Loans & Serv Ltd,12/06/2021, , ,10/06/2021, , ,INTEREST/REDEMPTION      
NC,DHANILOANS,Dhani Loans & Serv Ltd,12/06/2021, , ,10/06/2021, , ,INTEREST PAYMENT         
NC,IIFL,Unsec Red NCD 10.00% Sr.V,15/06/2021, , ,14/06/2021, , ,INTEREST PAYMENT         
NC,IBULHSGFIN,Uns Red NCD 8.79% Sr.VIII,18/06/2021, , ,17/06/2021, , ,INTEREST PAYMENT         
ND,DHANILOANS,Dhani Loans & Serv Ltd,12/06/2021, , ,10/06/2021, , ,INTEREST PAYMENT         
NF,IIFL,IIFL Finance Limited,15/06/2021, , ,14/06/2021, , ,INTEREST PAYMENT         
NF,DHANILOANS,Dhani Loans & Serv Ltd,12/06/2021, , ,10/06/2021, , ,INTEREST PAYMENT         
NG,DHANILOANS,Dhani Loans & Serv Ltd,12/06/2021, , ,10/06/2021, , ,INTEREST PAYMENT         
NG,ECLFINANCE,Sec Red NCD 9.25% Sr. III,16/06/2021, , ,15/06/2021, , ,INTEREST PAYMENT         
NI,RECLTD,8.12/8.32% Tax Free NCD,16/06/2021, , ,15/06/2021, , ,INTEREST PAYMENT         
NJ,ECLFINANCE,Sec Red NCD 9.43% Sr. VI,16/06/2021, , ,15/06/2021, , ,INTEREST PAYMENT         
NL,DHANILOANS,Dhani Loans & Serv Ltd,21/06/2021, , ,18/06/2021, , ,INTEREST PAYMENT         
NO,DHANILOANS,Dhani Loans & Serv Ltd,21/06/2021, , ,18/06/2021, , ,INTEREST PAYMENT         
NO,ECLFINANCE,ECL Finance Limited,16/06/2021, , ,15/06/2021, , ,INTEREST PAYMENT         
NR,ECLFINANCE,ECL Finance Limited,16/06/2021, , ,15/06/2021, , ,INTEREST PAYMENT         
S2,PEL,PEL 9.28% Unsec CCD,12/06/2021, , ,07/06/2021,07/06/2021,11/06/2021,CONVERSION INTO EQUITY   
U3,DHANILOANS,Dhani Loans & Serv Ltd,23/06/2021, , ,22/06/2021, , ,INTEREST PAYMENT         
U3,ERFLNCDI,Sec Red NCD 8.65% Sr. III,16/06/2021, , ,15/06/2021, , ,INTEREST PAYMENT         
U4,IIFL,Sec Red NCD 9.75 % Sr.III,21/06/2021, , ,18/06/2021, , ,INTEREST PAYMENT         
U5,EHFLNCD,Sec Red NCD 9.57% Sr. V,24/06/2021, , ,23/06/2021, , ,INTEREST PAYMENT         
U5,ERFLNCDI,Sec Red NCD 8.88% Sr. V,16/06/2021, , ,15/06/2021, , ,INTEREST PAYMENT         
U6,IIFL,Unsec Red NCD 10.0% Sr. V,21/06/2021, , ,18/06/2021, , ,INTEREST PAYMENT         
U6,DHANILOANS,Dhani Loans & Serv Ltd,23/06/2021, , ,22/06/2021, , ,INTEREST PAYMENT         
U7,IBUCCREDIT,SeReNCD8.66%SrIVCIII&IV,10/06/2021, , ,09/06/2021, , ,INTEREST PAYMENT         
U8,IBULHSGFIN,Sec Red NCD 8.65% Sr. V,18/06/2021, , ,17/06/2021, , ,INTEREST PAYMENT         
U9,IIFL,Sec Red NCD 9.50 % Sr. II,15/06/2021, , ,14/06/2021, , ,INTEREST PAYMENT         
UA,IBUCCREDIT,SeReNCD8.75%SrVICI&II,10/06/2021, , ,09/06/2021, , ,INTEREST PAYMENT         
UA,DHANILOANS,Dhani Loans & Serv Ltd,12/06/2021, , ,10/06/2021, , ,INTEREST/REDEMPTION      
UB,IBUCCREDIT,SeReNCD8.84%SrVICIII&IV,10/06/2021, , ,09/06/2021, , ,INTEREST PAYMENT         
UB,DHANILOANS,Dhani Loans & Serv Ltd,12/06/2021, , ,10/06/2021, , ,INTEREST/REDEMPTION      
UC,DHANILOANS,Dhani Loans & Serv Ltd,12/06/2021, , ,10/06/2021, , ,INTEREST PAYMENT         
UC,IIFL,Unsec Red NCD 10.00% Sr.V,15/06/2021, , ,14/06/2021, , ,INTEREST PAYMENT         
UC,IBULHSGFIN,Uns Red NCD 8.79% Sr.VIII,18/06/2021, , ,17/06/2021, , ,INTEREST PAYMENT         
UD,DHANILOANS,Dhani Loans & Serv Ltd,12/06/2021, , ,10/06/2021, , ,INTEREST PAYMENT         
UF,IIFL,IIFL Finance Limited,15/06/2021, , ,14/06/2021, , ,INTEREST PAYMENT         
UF,DHANILOANS,Dhani Loans & Serv Ltd,12/06/2021, , ,10/06/2021, , ,INTEREST PAYMENT         
UG,ECLFINANCE,Sec Red NCD 9.25% Sr. III,16/06/2021, , ,15/06/2021, , ,INTEREST PAYMENT         
UG,DHANILOANS,Dhani Loans & Serv Ltd,12/06/2021, , ,10/06/2021, , ,INTEREST PAYMENT         
UI,RECLTD,8.12/8.32% Tax Free NCD,16/06/2021, , ,15/06/2021, , ,INTEREST PAYMENT         
UJ,ECLFINANCE,Sec Red NCD 9.43% Sr. VI,16/06/2021, , ,15/06/2021, , ,INTEREST PAYMENT         
UL,DHANILOANS,Dhani Loans & Serv Ltd,21/06/2021, , ,18/06/2021, , ,INTEREST PAYMENT         
UO,ECLFINANCE,ECL Finance Limited,16/06/2021, , ,15/06/2021, , ,INTEREST PAYMENT         
UO,DHANILOANS,Dhani Loans & Serv Ltd,21/06/2021, , ,18/06/2021, , ,INTEREST PAYMENT         
UR,ECLFINANCE,ECL Finance Limited,16/06/2021, , ,15/06/2021, , ,INTEREST PAYMENT         
X1,ABFRLPP1,Aditya Birla Rs7.5 ppd up,01/07/2021, , ,30/06/2021, , ,FNLCALL-RS 27.50 PER SH  
Y2,L&TFINANCE,L,08/06/2021, , ,07/06/2021, , ,INTEREST PAYMENT         
Y3,L&TFINANCE,L,08/06/2021, , ,07/06/2021, , ,INTEREST PAYMENT         
Y6,L&TFINANCE,L,08/06/2021, , ,07/06/2021, , ,INTEREST PAYMENT         
Y7,L&TFINANCE,L,08/06/2021, , ,07/06/2021, , ,INTEREST PAYMENT         
Y9,SRTRANSFIN,BOND 10.15% PA SRN S-III,29/06/2021, , ,28/06/2021, , ,INTEREST PAYMENT/REDEMPTI
YB,SRTRANSFIN,BOND 9.71% PA SRN S-V,15/06/2021, , ,14/06/2021, , ,INTEREST PAYMENT         
YB,SRTRANSFIN,BOND 9.71% PA SRN S-V,29/06/2021, , ,28/06/2021, , ,INTEREST PAYMENT/REDEMPTI
YG,SRTRANSFIN,BOND PA SRN S-VIII,29/06/2021, , ,28/06/2021, , ,INTEREST PAYMENT/REDEMPTI
YH,SRTRANSFIN,Sec Red NCD 8.93% Sr. I,28/07/2021, , ,27/07/2021, , ,INTEREST PAYMENT         
YH,SRTRANSFIN,Sec Red NCD 8.93% Sr. I,28/06/2021, , ,25/06/2021, , ,INTEREST PAYMENT         
YI,SRTRANSFIN,Sec Red NCD 9.03% Sr. II,28/07/2021, , ,27/07/2021, , ,INTEREST PAYMENT         
YI,SRTRANSFIN,Sec Red NCD 9.03% Sr. II,28/06/2021, , ,25/06/2021, , ,INTEREST PAYMENT         
YJ,SRTRANSFIN,Sec Red NCD 9.10% Sr. III,28/06/2021, , ,25/06/2021, , ,INTEREST PAYMENT/REDEMPTI
YK,SRTRANSFIN,Sec Red NCD 9.30% Sr. IV,28/06/2021, , ,25/06/2021, , ,INTEREST PAYMENT         
YL,SRTRANSFIN,Sec Red NCD 9.40% Sr. V,28/06/2021, , ,25/06/2021, , ,INTEREST PAYMENT         
YM,SRTRANSFIN,Sec Red NCD Sr. VI,28/06/2021, , ,25/06/2021, , ,INTEREST PAYMENT/REDEMPTI
YO,SRTRANSFIN,Sec Red NCD 9.12% Sr. I,15/06/2021, , ,14/06/2021, , ,INTEREST PAYMENT         
YO,SRTRANSFIN,Sec Red NCD 9.12% Sr. I,16/07/2021, , ,15/07/2021, , ,INTEREST PAYMENT         
YP,SRTRANSFIN,Sec Red NCD 9.30% Sr. II,16/07/2021, , ,15/07/2021, , ,INTEREST PAYMENT         
YP,SRTRANSFIN,Sec Red NCD 9.30% Sr. II,15/06/2021, , ,14/06/2021, , ,INTEREST PAYMENT         
YV,SRTRANSFIN,Shriram Transport Finance,15/06/2021, , ,14/06/2021, , ,INTEREST PAYMENT         
YV,SRTRANSFIN,Shriram Transport Finance,15/07/2021, , ,14/07/2021, , ,INTEREST PAYMENT         
YW,SRTRANSFIN,Shriram Transport Finance,15/07/2021, , ,14/07/2021, , ,INTEREST PAYMENT         
YW,SRTRANSFIN,Shriram Transport Finance,15/06/2021, , ,14/06/2021, , ,INTEREST PAYMENT         
Z3,SRTRANSFIN,Sec Red NCD 9.12% Sr.I,15/06/2021, , ,14/06/2021, , ,INTEREST PAYMENT         
Z3,SRTRANSFIN,Sec Red NCD 9.12% Sr.I,15/07/2021, , ,14/07/2021, , ,INTEREST PAYMENT         
Z4,SRTRANSFIN,Sec Red NCD 9.22% Sr.II,15/06/2021, , ,14/06/2021, , ,INTEREST PAYMENT         
Z4,SRTRANSFIN,Sec Red NCD 9.22% Sr.II,15/07/2021, , ,14/07/2021, , ,INTEREST PAYMENT         
Z5,SRTRANSFIN,Sec Red NCD 9.31% Sr.III,15/06/2021, , ,14/06/2021, , ,INTEREST PAYMENT         
Z5,SRTRANSFIN,Sec Red NCD 9.31% Sr.III,15/07/2021, , ,14/07/2021, , ,INTEREST PAYMENT         
ZD,SRTRANSFIN,Sec Red NCD 8.52% Sr.I,15/07/2021, , ,14/07/2021, , ,INTEREST PAYMENT         
ZD,SRTRANSFIN,Sec Red NCD 8.52% Sr.I,15/06/2021, , ,14/06/2021, , ,INTEREST PAYMENT         
ZE,SRTRANSFIN,Sec Red NCD 8.66% Sr.II,15/06/2021, , ,14/06/2021, , ,INTEREST PAYMENT         
ZE,SRTRANSFIN,Sec Red NCD 8.66% Sr.II,15/07/2021, , ,14/07/2021, , ,INTEREST PAYMENT         
ZF,SRTRANSFIN,Sec Red NCD 8.75% Sr.III,15/06/2021, , ,14/06/2021, , ,INTEREST PAYMENT         
ZF,SRTRANSFIN,Sec Red NCD 8.75% Sr.III,15/07/2021, , ,14/07/2021, , ,INTEREST PAYMENT         

